Time,Slip Ratio
1,0.96257454
7,0.000552503
13,0.090845876
19,-0.049922534
25,0.04593059
31,-0.12258177
37,0.02321452
43,-0.10624549
49,-0.025930213
55,-0.03829775
61,0.052139806
67,-0.102357907
72,-0.021819736
73,-0.093390863
74,-0.097311112
75,-1
Slip ratio,
